{
    "Year_Call_Received": {
        "count": 108539.0,
        "mean": 2016.5562885230195,
        "std": 2.315623344793906,
        "min": 2013.0,
        "25%": 2015.0,
        "50%": 2016.0,
        "75%": 2019.0,
        "max": 2021.0
    },
    "Incident_ZIP_Postal": {
        "count": 108532.0,
        "mean": 94927.9486142336,
        "std": 238.60830693033304,
        "min": 17403.0,
        "25%": 94903.0,
        "50%": 94939.0,
        "75%": 94945.0,
        "max": 95965.0
    },
    "Patient_Age": {
        "count": 108539.0,
        "mean": 62.86717216852929,
        "std": 23.800875505236498,
        "min": 0.0,
        "25%": 48.0,
        "50%": 67.0,
        "75%": 82.0,
        "max": 165.0
    },
    "Incident_Latitude": {
        "count": 108539.0,
        "mean": 37.98682087468743,
        "std": 0.12424923619004072,
        "min": 19.553165,
        "25%": 37.9343208,
        "50%": 37.9779149,
        "75%": 38.0435484,
        "max": 47.9506984
    },
    "Incident_Longitude": {
        "count": 108539.0,
        "mean": -122.54385312971651,
        "std": 0.3109746555250926,
        "min": -124.3850982,
        "25%": -122.5640938,
        "50%": -122.535614,
        "75%": -122.5173674,
        "max": -73.087749
    },
    "response_time_min": {
        "count": 108539.0,
        "mean": 7.285215452510157,
        "std": 4.473707161925877,
        "min": 0.0,
        "25%": 5.0,
        "50%": 7.0,
        "75%": 9.0,
        "max": 213.0
    },
    "turnout_time_min": {
        "count": 108539.0,
        "mean": 0.7236845742083491,
        "std": 1.8618565054780016,
        "min": 0.0,
        "25%": 0.0,
        "50%": 0.0,
        "75%": 1.0,
        "max": 124.0
    },
    "call_cycle_time_min": {
        "count": 108539.0,
        "mean": 8.008900026718507,
        "std": 4.8879118444940035,
        "min": 0.0,
        "25%": 5.0,
        "50%": 7.0,
        "75%": 10.0,
        "max": 213.0
    },
    "on_scene_time_min": {
        "count": 108539.0,
        "mean": 1.9190244981066713,
        "std": 3.5382903072556853,
        "min": 0.0,
        "25%": 1.0,
        "50%": 1.0,
        "75%": 2.0,
        "max": 260.0
    },
    "Month_Num": {
        "count": 108539.0,
        "mean": 6.486405808050563,
        "std": 3.447463585853943,
        "min": 1.0,
        "25%": 3.0,
        "50%": 7.0,
        "75%": 9.0,
        "max": 12.0
    },
    "hour": {
        "count": 108539.0,
        "mean": 12.84808225614756,
        "std": 5.8002380400790186,
        "min": 0.0,
        "25%": 9.0,
        "50%": 13.0,
        "75%": 17.0,
        "max": 23.0
    }
}